code,name
203042,0512R091
203040,0512R007
203041,0512R028
203018,0504R091
203017,0504R028
300059,东方财富
203016,0504R007
600521,华海药业
600345,长江通信
600582,天地科技
600765,中航重机
600789,鲁抗医药
600790,轻纺城
600817,*ST宏盛
601238,广汽集团
600346,恒力股份
600993,马应龙
002330,得利斯
600606,绿地控股
300741,华宝股份
300740,御家汇
600552,凯盛科技
300739,明阳电路
300736,百华悦邦
300735,光弘科技
300732,设研院
600607,上实医药
300733,西菱动力
300729,乐歌股份
300731,科创新源
300727,润禾材料
603969,银龙股份
300725,药石科技
300722,新余国科
000669,金鸿控股
160421,华安智增
300730,科创信息
300720,海川智能
300719,安达维尔
300728,天常股份
300716,国立科技
300715,凯伦股份
300726,宏达电子
300713,英可瑞
300711,广哈通信
300737,科顺股份
300723,一品红
300709,精研科技
300708,聚灿光电
300706,阿石创
300705,九典制药
300702,天宇股份
300701,森霸股份
300721,怡达股份
300700,岱勒新材
300699,光威复材
300698,万马科技
300697,电工合金
300696,爱乐达
300718,长盛轴承
300693,盛弘股份
300695,兆丰股份
300692,中环环保
300690,双一科技
300689,澄天伟业
300712,永福股份
300710,万隆光电
300688,创业黑马
300687,赛意信息
300686,智动力
300683,海特生物
300685,艾德生物
300707,威唐工业
300680,隆盛科技
300681,英搏尔
300703,创源文化
300677,英科医疗
300717,华信新材
300682,朗新科技
300672,国科微
300679,电连技术
300670,大烨智能
300671,富满电子
300669,沪宁股份
300678,中科信息
300667,必创科技
300675,建科院
300665,飞鹿股份
300664,鹏鹞环保
300663,科蓝软件
300660,江苏雷利
300662,科锐国际
300691,联合光电
300659,中孚信息
300658,延江股份
300657,弘信电子
300656,民德电子
300655,晶瑞股份
300654,世纪天鸿
300651,金陵体育
300650,太龙照明
300649,杭州园林
300647,超频三
300648,星云股份
300646,侨源气体
300644,南京聚隆
300643,万通智控
300676,华大基因
300668,杰恩设计
300666,江丰电子
300641,正丹股份
300638,广和通
300661,圣邦股份
300637,扬帆新材
300636,同和药业
300635,达安股份
300634,彩讯股份
300653,正海生物
300633,开立医疗
300632,光莆股份
300631,久吾高科
300630,普利制药
300628,亿联网络
300627,华测导航
300624,万兴科技
300625,三雄极光
300622,博士眼镜
300621,维业股份
300642,透景生命
300640,德艺文创
300619,金银河
300639,凯普生物
300617,安靠智电
300615,欣天科技
300616,尚品宅配
300612,宣亚国际
300611,美力科技
300610,晨化股份
300609,汇纳科技
300608,思特奇
300606,金太阳
300645,正元智慧
300605,恒锋信息
300603,立昂技术
300604,长川科技
300602,飞荣达
300599,雄塑科技
300598,诚迈科技
300620,光库科技
300597,吉大通信
300595,欧普康视
300592,华凯创意
300591,万里马
300590,移为通信
300589,江龙船艇
300588,熙菱信息
300587,天铁股份
300586,美联新材
300585,奥联电子
300583,赛托生物
300584,海辰药业
300582,英飞特
300581,晨曦航空
300580,贝斯特
300607,拓斯达
300579,数字认证
300578,会畅通讯
300576,容大感光
300601,康泰生物
300573,兴齐眼药
300600,瑞特股份
300571,平治信息
300570,太辰光
300568,星源材质
300567,精测电子
300593,新雷能
300566,激智科技
300563,神宇股份
300561,汇金科技
300559,佳发安泰
300558,贝达药业
300557,理工光科
300556,丝路视觉
300555,路通视信
300577,开润股份
300575,中旗股份
300551,古鳌科技
300565,科信技术
300562,乐心医疗
300572,安车检测
300547,川环科技
300560,中富通
300543,朗科智能
300549,优德精密
300542,新晨科技
300553,集智股份
300552,万集科技
300539,横河模具
300545,联得装备
300550,和仁科技
300536,农尚环境
300534,陇神戎发
300548,博创科技
300535,达威股份
300533,冰川网络
300532,今天国际
300530,达志科技
300527,华舟应急
300528,幸福蓝海
300525,博思软件
300523,辰安科技
300521,爱司凯
300519,新光药业
300540,深冷股份
300537,广信材料
300517,海波重科
300518,盛讯达
300515,三德科技
300514,友讯达
300531,优博讯
300512,中亚股份
300529,健帆生物
300509,新美星
300510,金冠电气
300526,中潜股份
300506,名家汇
300505,川金诺
300520,科大国创
300503,昊志机电
300501,海顺新材
300502,新易盛
300513,恒泰实达
300522,世名科技
300499,高澜股份
300511,雪榕生物
300495,美尚生态
300494,盛天网络
300508,维宏股份
300507,苏奥传感
300493,润欣科技
300491,通合科技
300490,华自科技
300492,山鼎设计
300487,蓝晓科技
300488,恒锋工具
300485,赛升药业
300484,蓝海华腾
300482,万孚生物
300481,濮阳惠成
300497,富祥股份
300480,光力科技
300477,合纵科技
300478,杭州高新
300475,聚隆科技
300500,启迪设计
300489,中飞股份
300473,德尔股份
300498,温氏股份
300479,神思电子
300476,胜宏科技
300467,迅游科技
300474,景嘉微
300465,高伟达
300466,赛摩电气
300464,星徽精密
300463,迈克生物
300462,华铭智能
300470,日机密封
300483,沃施股份
300460,惠伦晶体
300458,全志科技
300461,田中精机
300472,新元科技
300471,厚普股份
300468,四方精创
300451,创业软件
300452,山河药辅
300453,三鑫医疗
300469,信息发展
300450,先导智能
300448,浩云科技
300447,全信股份
300446,乐凯新材
300444,双杰电气
300443,金雷风电
300442,普丽盛
300457,赢合科技
300440,运达科技
300455,康拓红外
300437,清水源
300459,金科文化
300449,汉邦高科
300435,中泰股份
300445,康斯特
300434,金石东方
300432,富临精工
300430,诚益通
300441,鲍斯股份
300428,四通新材
300429,强力新材
300438,鹏辉能源
300456,耐威科技
300427,红相股份
300439,美康生物
300426,唐德影视
300425,环能科技
300424,航新科技
300423,鲁亿通
300436,广生堂
300422,博世科
300421,力星股份
300417,南华仪器
300416,苏试试验
300415,伊之密
300414,中光防雷
300412,迦南科技
300411,金盾股份
300410,正业科技
300433,蓝思科技
300407,凯发电气
300431,暴风集团
300406,九强生物
300405,科隆股份
300404,博济医药
300403,地尔汉宇
300402,宝色股份
300400,劲拓股份
300419,浩丰科技
300420,五洋停车
300418,昆仑万维
300397,天和防务
300399,京天利
300396,迪瑞医疗
300413,快乐购
300394,天孚通信
300409,道氏技术
300408,三环集团
300392,腾信股份
300390,天华超净
300387,富邦股份
300401,花园生物
300386,飞天诚信
300384,三联虹普
300398,飞凯材料
300385,雪浪环境
300395,菲利华
300381,溢多利
300391,康跃科技
300389,艾比森
300378,鼎捷软件
300379,东方通
300388,国祯环保
300374,恒通科技
300375,鹏翎股份
300393,中来股份
300373,扬杰科技
300372,欣泰退
300370,安控科技
300382,斯莱克
300371,汇中股份
300383,光环新网
300364,中文在线
300377,赢时胜
300361,奥赛康
300368,汇金股份
300367,东方网力
300365,恒华科技
300359,全通教育
300358,楚天科技
300354,东华测试
300356,光一科技
300353,东土科技
300351,永贵电器
300350,华鹏飞
300369,绿盟科技
300360,炬华科技
300348,长亮科技
300347,泰格医药
300345,红宇新材
300346,南大光电
300357,我武生物
300366,创意信息
300342,天银机电
300341,麦迪电气
300340,科恒股份
300339,润和软件
300355,蒙草生态
300336,新文化
300349,金卡智能
300352,北信源
300333,兆日科技
300332,天壕环境
300337,银邦股份
300331,苏大维格
300344,太空智造
300338,开元股份
300329,海伦钢琴
300328,宜安科技
300325,德威新材
300323,华灿光电
300335,迪森股份
300321,同大股份
300330,华虹计通
300343,联创互联
300327,中颖电子
300319,麦捷科技
300318,博晖创新
300315,掌趣科技
300322,硕贝德
300334,津膜科技
300314,戴维医疗
300320,海达股份
300324,旋极信息
300308,中际旭创
300311,任子行
300307,慈星股份
300305,裕兴股份
300316,晶盛机电
300303,聚飞光电
300309,吉艾科技
300312,邦讯技术
300301,长方集团
300298,三诺生物
300317,珈伟股份
300304,云意电气
300297,蓝盾股份
300296,利亚德
300310,宜通世纪
300292,吴通控股
300299,富春股份
300300,汉鼎宇佑
300306,远方信息
300294,博雅生物
300286,安科瑞
300287,飞利信
300291,华录百纳
300290,荣科科技
300283,温州宏丰
300282,汇冠股份
300281,金明精机
300295,三六五网
300289,利德曼
300278,华昌达
300277,海联讯
300288,朗玛信息
300275,梅安森
300276,三丰智能
300285,国瓷材料
300274,阳光电源
300293,蓝英装备
300271,华宇软件
300270,中威电子
300280,南通锻压
300269,联建光电
300284,苏交科
300267,尔康制药
300266,兴源环境
300265,通光线缆
300263,隆华节能
300264,佳创视讯
300262,巴安水务
300257,开山股份
300272,开能环保
300260,新莱应材
300261,雅本化学
300253,卫宁健康
300251,光线传媒
300268,佳沃股份
300249,依米康
300250,初灵信息
300256,星星科技
300255,常山药业
300247,乐金健康
300246,宝莱特
300243,瑞丰高材
300240,飞力达
300244,迪安诊断
300238,冠昊生物
300252,金信诺
300248,新开普
300235,方直科技
300245,天玑科技
300239,东宝生物
300232,洲明科技
300230,永利股份
300231,银信科技
300236,上海新阳
300242,明家联合
300227,光韵达
300234,开尔新材
300233,金城医药
300241,瑞丰光电
300222,科大智能
300221,银禧科技
300229,拓尔思
300228,富瑞特装
300226,上海钢联
300237,美晨生态
300225,金力泰
300217,东方电热
300216,千山药机
300214,日科化学
300224,正海磁材
300223,北京君正
300211,亿通科技
300209,天泽信息
300208,恒顺众昇
300220,金运激光
300206,理邦仪器
300215,电科院
300205,天喻信息
300213,佳讯飞鸿
300212,易华录
300203,聚光科技
300219,鸿利智汇
300218,安利股份
300204,舒泰神
300210,森远股份
300198,纳川股份
300200,高盟新材
300197,铁汉生态
300196,长海股份
300195,长荣股份
300194,福安药业
300192,科斯伍德
300207,欣旺达
300188,美亚柏科
300186,大华农
300187,永清环保
300185,通裕重工
300199,翰宇药业
300182,捷成股份
300181,佐力药业
300183,东软载波
300193,佳士科技
300201,海伦哲
300189,神农基因
300179,四方达
300180,华峰超纤
300191,潜能恒信
300175,朗源股份
300178,腾邦国际
300176,鸿特精密
300173,智慧松德
300172,中电环保
300170,汉得信息
300171,东富龙
300168,万达信息
300169,天晟新材
300184,力源信息
300164,通源石油
300190,维尔利
300174,元力股份
300177,中海达
300161,华中数控
300160,秀强股份
300159,新研股份
300166,东方国信
300158,振东制药
300155,安居宝
300163,先锋新材
300154,瑞凌股份
300167,迪威迅
300152,科融环境
300153,科泰电源
300151,昌红科技
300149,量子高科
300150,世纪瑞尔
300146,汤臣倍健
300147,香雪制药
300162,雷曼股份
300144,宋城演艺
300156,神雾环保
300165,天瑞仪器
300141,和顺电气
300138,晨光生物
300136,信维通信
300148,天舟文化
300135,宝利国际
300134,大富科技
300133,华策影视
300132,青松股份
300142,沃森生物
300131,英唐智控
300145,中金环境
300129,泰胜风能
300143,星普医科
300127,银河磁体
300139,晓程科技
300140,中环装备
300125,易世达
300124,汇川技术
300122,智飞生物
300130,新国都
300128,锦富技术
300118,东方日升
300116,坚瑞沃能
300117,嘉寓股份
300126,锐奇股份
300115,长盈精密
300113,顺网科技
300120,经纬电材
300112,万讯自控
300110,华仁药业
300111,向日葵
300107,建新股份
300119,瑞普生物
300104,乐视网
300123,亚光科技
300105,龙源技术
300101,振芯科技
300100,双林股份
300102,乾照光电
300114,中航电测
300109,新开源
300096,易联众
300095,华伍股份
300094,国联水产
300103,达刚路机
300092,科新机电
300098,高新兴
300093,金刚玻璃
300091,金通灵
300108,吉药控股
300089,文化长城
300090,盛运环保
300087,荃银高科
300086,康芝药业
300106,西部牧业
300082,奥克股份
300084,海默科技
300099,精准信息
300097,智云股份
300078,思创医惠
300077,国民技术
300076,GQY视讯
300088,长信科技
300085,银之杰
300073,当升科技
300074,华平股份
300072,三聚环保
300070,碧水源
300071,华谊嘉信
300068,南都电源
300069,金利华电
300067,安诺其
300083,劲胜智能
300075,数字政通
300080,易成新能
300079,数码科技
300066,三川智慧
300081,恒信东方
300063,天龙集团
300057,万顺股份
300054,鼎龙股份
300055,万邦达
300062,中能电气
300058,蓝色光标
300052,中青宝
300061,康旗股份
300047,天源迪科
300056,三维丝
300046,台基股份
300045,华力创通
300049,福瑞股份
300050,世纪鼎利
300064,豫金刚石
300053,欧比特
300051,三五互联
300048,合康新能
300038,梅泰诺
300039,上海凯宝
300035,中科电气
300036,超图软件
300037,新宙邦
300044,赛为智能
300033,同花顺
300034,钢研高纳
300031,宝通科技
300042,朗科科技
300030,阳普医疗
300026,红日药业
300043,星辉娱乐
300024,机器人
300022,吉峰农机
300023,宝德股份
300041,回天新材
300027,华谊兄弟
300021,大禹节水
300028,金亚科技
300017,网宿科技
300016,北陆药业
300015,爱尔眼科
300014,亿纬锂能
300040,九洲电气
300011,鼎汉技术
300010,立思辰
300025,华星创业
300019,硅宝科技
300018,中元股份
300013,新宁物流
300012,华测检测
300005,探路者
300004,南风股份
300020,银江股份
200992,中  鲁Ｂ
300001,特锐德
200869,张  裕Ｂ
300008,天海防务
300006,莱美药业
200726,鲁  泰Ｂ
300007,汉威科技
200625,长  安Ｂ
200761,本钢板Ｂ
200771,杭汽轮Ｂ
200986,粤华包Ｂ
200770,武锅B退
300003,乐普医疗
200550,江  铃Ｂ
200553,沙隆达Ｂ
200725,京东方Ｂ
200539,粤电力Ｂ
200530,大  冷Ｂ
200613,大东海B
200706,瓦轴B
200570,苏常柴Ｂ
200596,古井贡Ｂ
200429,粤高速Ｂ
200418,小天鹅Ｂ
200541,粤照明Ｂ
200512,闽灿坤Ｂ
200505,京粮B
200152,山  航Ｂ
200521,皖美菱Ｂ
200513,丽珠Ｂ
200058,深赛格B
200488,晨  鸣Ｂ
200468,*ST宁通B
200160,东沣B
200413,东旭B
200168,舜喆B
200053,深基地Ｂ
200057,*ST大洋B
200056,皇庭B
200029,深深房Ｂ
200045,深纺织Ｂ
200025,特  力Ｂ
200054,建车B
200037,深南电B
200041,*ST本实B
200039,中集Ｂ
200024,招商局Ｂ
200017,深中华B
200016,深康佳Ｂ
200022,深赤湾Ｂ
200030,富奥B
200028,一致Ｂ
200026,飞亚达Ｂ
200020,深华发Ｂ
200011,深物业B
200019,深深宝Ｂ
200018,神州B
200003,PT金田Ｂ
200012,南  玻Ｂ
184728,基金鸿阳
200002,万科Ｂ
200015,PT中浩Ｂ
200013,*ST石化B
184801,鹏华前海
184738,基金通宝
184722,基金久嘉
184721,基金丰和
184720,基金久富
184713,基金科翔
184712,基金科汇
184709,基金安久
184711,基金普华
184710,基金隆元
184718,基金兴安
184708,基金兴科
184705,基金裕泽
184703,基金金盛
184702,基金同智
184700,基金鸿飞
184701,基金景福
184696,基金裕华
184699,基金同盛
184695,基金景博
184693,基金普丰
184698,基金天元
184688,基金开元
184692,基金裕隆
184691,基金景宏
184690,基金同益
184689,基金普惠
169201,浙商汇金鼎盈
169104,东证睿满
169102,东证睿阳
169105,东证睿华
168401,红土定增
169101,东证睿丰
168301,东海祥龙
168102,九泰锐富
168101,九泰锐智
168104,九泰锐丰
168103,九泰锐益
168002,国寿精选
167501,安信宝利LOF)
168106,九泰锐华
167003,平安鼎弘
168105,九泰泰富
167901,华宸300
167002,平安鼎越
167001,平安鼎泰
166902,民生增利A
166402,沪港深F
166401,增利C
166105,信达鑫安
166024,中欧恒利
166008,中欧强债A
166016,中欧纯债C
166011,中欧盛世成长A
165705,诺德双翼
166009,中欧动力A
166007,中欧300A
166006,中欧成长A
165516,信诚周期
166012,中欧信用CLOF)
166001,中欧趋势A
165513,信诚商品
165807,东吴鼎利
165806,东吴100
165517,信诚双盈LOF)
165528,信诚鼎利
165512,信诚机遇
165508,信诚深度
165510,信诚四国
165525,基建工程
165509,信诚增强
165317,建信丰裕
164902,交银添利
165311,建信信用增强A
165309,建信300
164808,工银四季
164705,添富恒生
164815,原油LOF
164823,深成LOF
164906,中国互联
164814,工银双债
164812,政府债基
164810,工银纯债
164509,国富恒利
164702,添富季红
164701,添富贵金
164703,添富纯债
164210,天弘同利
164606,信用增利LOF)
164208,天弘丰利
164403,农业精选
163907,中海惠裕
164206,天弘添利LOF)
164105,华富强债
164302,新华惠鑫C
163824,中银盛利
163503,天治核心
164205,天弘深成
163827,中银产债
163821,中银300E
163819,中银信用
163412,兴全轻资
163415,兴全模式
163409,兴全绿色
163801,中银中国
163407,兴全300
163402,兴全趋势
163210,诺安纯债A
163208,诺安油气
163302,大摩资源
163112,申万债券
163111,申万中小
163003,长信利鑫C
163005,长信利众C
163110,申万量化
163119,申万健康
162712,广发聚利LOF)
163001,长信医疗
162703,广发小盘
162719,广发石油
162718,广发鑫瑞
162715,广发聚源债A
162711,广发500LA
162717,广发睿吉
162414,新机遇A
162308,海富增利
162415,美国消费
162510,国安双力
162006,长城久富
162411,华宝油气人民币)
162307,海富100
161908,万家添利
162215,泰达聚利
162607,景顺资源
162207,泰达效率
161911,万家强债
162105,持久增利
162108,金鹰元盛
161907,万家红利
161835,银华惠丰
161834,银华鑫锐
161831,H股分级
161821,银华50A
161815,银华通胀
161903,万家优选
161810,银华内需
161722,招商丰泰
161813,银华信用
161811,300分级
161714,招商金砖
161727,招商增荣
161716,招商双债LOF)
161706,招商成长
161631,人工智能
161715,大宗商品
161630,融通农业
161607,融通巨潮A/B
161626,融通通福
161614,融通添利
161713,招商信用LOF)
161505,银河通利A
161610,融通领先
161227,深证100
161233,国投瑞泰
161232,国投瑞盛
161230,丰利A类
161229,国投中国
161224,国投丝路
161226,白银基金
161222,国投瑞利
161225,国投瑞盈
161219,国投产业
161129,原油基金
161213,国投消费
161130,纳指LOF
161210,国投新兴
161128,标普科技
161117,易基永旭
161127,标普生物
161216,双债A
161125,标普500
161115,易基岁丰
161116,易基黄金
161124,香港小盘
161038,成长量化
161019,富国天锋
161126,标普医药
161037,高端制造
161036,娱乐增强
161015,富国天盈
161035,医药增强
161033,智能汽车
161010,富国天丰
161017,富国500
161005,富国天惠A
161014,富国汇利
160910,大成创新
160922,恒生中小
160921,大成定增
160915,大成景丰（LOF）
160919,大成产业
160918,大成小盘
160810,长盛同丰
160916,优选LOF
160807,长盛300
160924,恒指LOF
160805,长盛同智
160809,长盛同辉
160812,长盛同益
160806,长盛同庆LOF)
160723,嘉实原油
160722,嘉实惠泽
160720,中期企债
160813,长盛同盛
160717,恒生H股
160706,嘉实300联接
160719,嘉实黄金
160644,互联网QD
160716,嘉实50
160618,鹏华丰泽
160621,鹏华丰和
160617,鹏华丰润
160635,医药基金
160643,空天一体
160642,鹏华增瑞混合
160616,鹏华500
160607,鹏华价值
160613,鹏华创新
160611,鹏华治理
160519,博时睿利
160622,鹏华丰利
160610,鹏华动力
160522,博时睿益
160615,鹏华300
160520,弘盈A
160518,博时睿远
160324,华夏磐晟
160515,安丰18A
160422,定增事件
160512,博时卓越
160323,华夏磐泰
160505,博时主题
160415,华安S300
160416,石油基金
160513,稳健债A
160311,华夏蓝筹
160220,国泰民益
160322,港股精选
160314,华夏行业
160223,创业板基
160212,国泰估值优势LOF)
160216,国泰商品
160215,国泰价值
160225,新汽车
160130,南方永利A
160140,美国REIT
160133,南方天元
160123,南方50债
160131,南方聚利A
160128,南方金利A
160125,南方香港
160106,南方高增
160119,南方500
159954,H股ETF
160105,南方积配
159955,创业板E
159951,中关村A
159957,创业板HX
159958,创业板ET
159956,创业板F
159945,全指能源
159952,创业ETF
159953,工业ETF
159948,创业板EF
159950,深成指EF
159949,创业板50
159942,中创100
159946,全指消费
159944,全指材料
159943,大成深证ETF
159938,广发医药
159941,纳指100
159940,全指金融
159939,信息技术
159933,金地ETF
159937,博时黄金ETF
159936,可选消费
159932,500深ETF
159935,景顺500
159928,消费ETF
159934,易基黄金ETF
159931,添富金融ETF
159930,能源ETF
159929,添富医药ETF
159922,嘉实中证500ETF
159927,A300ETF
159926,嘉实中期国债ETF
159924,300等权
159921,中小等权
159923,100ETF
159916,深F60
159925,南方300
159920,恒生ETF
159918,中创400
159919,嘉实300ETF
159917,中小成长
159908,深F200
159910,深F120
159915,创业板
159913,深价值
159902,中小板
159912,深300ETF
159911,民营ETF
159907,中小300
159909,深TMT
159003,招商快线A
159905,深红利
159906,深成长
159903,深成ETF
150344,证券B基
159901,深100ETF
159005,添富快钱A
159001,保证金
150335,军工股A
150336,军工股B
150332,网金融B
150331,网金融A
150330,保险B
150329,保险A
150327,新能A级
150343,证券A基
150326,高铁B端
150324,环保B端
150328,新能B级
150317,E金融A
150325,高铁A端
150323,环保A端
150322,煤炭B基
150321,煤炭A基
150318,E金融B
150316,工业4B
150315,工业4A
150307,体育A
150311,智能A
150309,信息安A
150308,体育B
150305,养老A
150306,养老B
150304,创业股B
150303,创业股A
150302,证券股B
150301,证券股A
150300,银行股B
150299,银行股A
150298,互联B级
150296,改革B
150295,改革A
150287,钢铁A
150292,中融银行B
150293,高铁A级
150297,互联A级
150283,SW医药A
150291,中融银行A
150288,钢铁B
150290,煤炭B级
150284,SW医药B
150289,煤炭A级
150281,金融地A
150282,金融地B
150278,高铁B
150280,新能B
150279,新能A
150277,高铁A
150275,一带一A
150276,一带一B
150274,带路B
150272,生物药B
150271,生物药A
150270,白酒B
150269,白酒A
150268,银行B类
150266,一带B
150267,银行A类
150265,一带A
150264,1000B
150259,重组A
150263,1000A
150261,医疗A
150260,重组B
150257,易方达生物A
150262,医疗B
150247,传媒A级
150249,银行A端
150251,煤炭A
150250,银行B端
150255,银行业A
150252,煤炭B
150246,互联B
150248,传媒B级
150244,创业B
150245,互联A
150243,创业A
150242,银行B级
150241,银行A级
150238,环保B级
150233,传媒业A
150237,环保A级
150236,券商B级
150232,电子B
150228,银行B
150234,传媒业B
150235,券商A级
150231,电子A
150226,证保B级
150227,银行A
150229,酒A
150230,酒B
150223,证券A级
150221,中航军A
150225,证保A级
150224,证券B级
150222,中航军B
150215,TMTA
150213,成长A级
150220,健康B
150218,新能源B
150217,新能源A
150216,TMTB
150214,成长B级
150219,健康A
150205,国防A
150211,新能车A
150201,券商B
150210,国企改B
150199,食品B
150198,食品A
150208,地产B端
150196,有色A
150204,传媒B
150195,互联网B
150206,国防B
150203,传媒A
150193,地产B
150192,地产A
150207,地产A端
150191,NCF环保B
150190,NCF环保A
150200,券商A
150197,有色B
150194,互联网A
150189,转债进取
150186,军工A级
150182,富国军工B
150187,军工B级
150185,环保B
150184,环保A
150177,证保A
150178,证保B
150181,富国军工A
150188,转债优先
150180,信息B
150179,信息A
150174,TMT中证B
150176,H股B
150175,H股A
150173,TMT中证A
150171,证券A
150170,恒生B
150169,恒生A
150172,证券B
150167,银华300A
150161,惠鑫B
150156,中银互B
150168,银华300B
150160,通福B
150164,可转债A
150158,金融B
150152,创业板A
150157,金融A
150147,同利B
150154,惠丰B
150153,创业板B
150151,有色800B
150150,有色800A
150146,高贝塔B
150142,互利债B
150144,转债B级
150148,医药800A
150141,国金300B
150145,高贝塔A
150143,转债A级
150140,国金300A
150139,中证800B
150135,国富100A
150138,中证800A
150137,宝利B
150133,德信A
150136,国富100B
150134,德信B
150132,元盛B
150130,医药A
150129,丰利债B
150128,工银增B
150127,双增B
150124,建信50B
150117,房地产A
150131,医药B
150123,建信50A
150120,鼎利进取
150118,房地产B
150121,银河优先
150122,银河进取
150115,同丰B
150114,惠裕B
150108,同辉100A
150113,深100B
150112,深100A
150106,中小A
150109,同辉100B
150111,华商500B
150102,利众B
150101,资源B
150107,中小B
150099,同庆800B
150110,华商500A
150104,HS300A
150100,资源A
150098,同庆800A
150105,HS300B
150093,诺德300B
150097,商品B
150096,商品A
150095,泰信400B
150094,泰信400A
150092,诺德300A
150091,成长B
150090,成长A
150086,中小板B
150085,中小板A
150088,金鹰500A
150087,信用B
150089,金鹰500B
150084,深证100B
150083,深证100A
150081,双盈B
150080,双佳B
150078,回报B
150075,诺安进取
150077,浙商进取
150082,信达利B
150076,浙商稳健
150079,通利债B
150073,诺安稳健
150072,盛世B
150071,盛世A
150070,双力B
150069,双力A
150067,互利B
150066,互利A
150068,双翼B
150064,同瑞A
150065,同瑞B
150063,安盛增利B
150062,安盛增利A
150060,资源B级
150057,中小300A
150059,资源A级
150061,丰泽B
150056,500B
150052,沪深300B
150055,500A
150054,泰达500B
150053,泰达500A
150051,沪深300A
150050,消费进取
150043,裕祥B
150042,利鑫B
150047,消费A
150045,海富增利B
150044,海富增利A
150041,天盈B
150037,建信进取
150035,聚利B
150040,鼎利B
150039,鼎利A
150036,建信稳健
150038,万家利B
150033,多利进取
150034,聚利A
150031,中证90B
150030,中证90A
150029,中证500B
150028,中证500A
150027,添利B
150032,多利优先
150025,景丰A
150023,深成指B
150022,深成指A
150018,银华稳进
150026,景丰B
150020,汇利A
150017,合润B
150016,合润A
150021,汇利B
150019,银华锐进
150012,中证100A
150011,国泰进取
150010,国泰优先
150009,瑞和远见
150008,瑞和小康
150003,建信优势
150002,大成优选
150001,瑞福进取
150007,同庆B
131811,Ｒ-002
131809,Ｒ-004
131802,Ｒ-014
131806,Ｒ-182
131805,Ｒ-091
002930,宏川智慧
002929,润建通信
131803,Ｒ-028
131801,Ｒ-007
131810,Ｒ-001
002927,泰永长征
131800,Ｒ-003
002919,名臣健康
002925,盈趣科技
002923,润都股份
002931,锋龙股份
002922,伊戈尔
002926,华西证券
002921,联诚精密
002920,德赛西威
002911,佛燃股份
002909,集泰股份
002918,蒙娜丽莎
002907,华森制药
002916,深南电路
002917,金奥博
002915,中欣氟材
002903,宇环数控
002901,大博医疗
002913,奥士康
002912,中新赛克
002910,庄园牧场
002908,德生科技
002906,华阳集团
002902,铭普光磁
002893,华通热力
002905,金逸影视
002891,中宠股份
002900,哈三联
002898,赛隆药业
002899,英派斯
002896,中大力德
002895,川恒股份
002897,意华股份
002890,弘宇股份
002888,惠威科技
002885,京泉华
002881,美格智能
002889,东方嘉盛
002884,凌霄泵业
002886,沃特股份
002882,金龙羽
002880,卫光生物
002879,长缆科技
002872,天圣制药
002878,元隆雅图
002871,伟隆股份
002883,中设股份
002867,周大生
002866,传艺科技
002876,三利谱
002875,安奈儿
002870,香山股份
002877,智能自控
002868,绿康生化
002869,金溢科技
002865,钧达股份
002864,盘龙药业
002863,今飞凯达
002861,瀛通通讯
002862,实丰文化
002859,洁美科技
002860,星帅尔
002850,科达利
002857,三晖电气
002846,英联股份
002845,同兴达
002856,美芝股份
002858,力盛赛车
002842,翔鹭钨业
002853,皮阿诺
002852,道道全
002849,威星智能
002848,高斯贝尔
002847,盐津铺子
002835,同为股份
002836,新宏泽
002839,张家港行
002832,比音勒芬
002843,泰嘉股份
002837,英维克
002841,视源股份
002840,华统股份
002838,道恩股份
002831,裕同科技
002830,名雕股份
002825,纳尔股份
002829,星网宇达
002828,贝肯能源
002826,易明医药
002833,弘亚数控
002827,高争民爆
002823,凯中精密
002816,和科达
002824,和胜股份
002822,中装建设
002812,创新股份
002811,亚泰国际
002820,桂发祥
002821,凯莱英
002819,东方中科
002810,山东赫达
002807,江阴银行
002809,红墙股份
002808,苏州恒久
002817,黄山胶囊
002806,华锋股份
002803,吉宏股份
002802,洪汇新材
002801,微光股份
002818,富森美
002799,环球印务
002815,崇达技术
002793,东音股份
002813,路畅科技
002791,坚朗五金
002790,瑞尔特
002792,通宇通讯
002789,建艺集团
002796,世嘉科技
002788,鹭燕医药
002785,万里石
002783,凯龙股份
002782,可立克
002781,奇信股份
002780,三夫户外
002777,久远银海
002778,高科石化
002800,天顺股份
002797,第一创业
002786,银宝山新
002772,众兴菌业
002770,科迪乳业
002775,文科园林
002774,快意电梯
002773,康弘药业
002765,蓝黛传动
002763,汇洁股份
002762,金发拉比
002761,多喜爱
002758,华通医药
002771,真视通
002756,永兴特钢
002768,国恩股份
002755,东方新星
002753,永东股份
002752,昇兴股份
002750,龙津药业
002759,天际股份
002749,国光股份
002769,普路通
002766,索菱股份
002757,南兴装备
002747,埃斯顿
002767,先锋电子
002742,三圣股份
002743,富煌钢构
002741,光华科技
002739,万达电影
002740,爱迪尔
002760,凤形股份
002738,中矿资源
002737,葵花药业
002735,王子新材
002736,国信证券
002734,利民股份
002751,易尚展示
002732,燕塘乳业
002730,电光科技
002729,好利来
002748,世龙实业
002726,龙大肉食
002727,一心堂
002745,木林森
002725,跃岭股份
002721,金一文化
002733,雄韬股份
002731,萃华珠宝
002746,仙坛股份
002718,友邦吊顶
002724,海洋王
002723,金莱特
002728,特一药业
002722,金轮股份
002716,金贵银业
002715,登云股份
002711,欧浦智网
002713,东易日盛
002712,思美传媒
002709,天赐材料
002720,宏良股份
002705,新宝股份
002703,浙江世宝
002701,奥瑞金
002714,牧原股份
002700,新疆浩源
002717,岭南股份
002697,红旗连锁
002699,美盛文化
002707,众信旅游
002708,光洋股份
002695,煌上煌
002706,良信电器
002710,慈铭体检
002694,顾地科技
002693,双成药业
002691,冀凯股份
002688,金河生物
002690,美亚光电
002685,华东重机
002698,博实股份
002684,猛狮科技
002683,宏大爆破
002702,海欣食品
002696,百洋股份
002679,福建金森
002687,乔治白
002692,睿康股份
002686,亿利达
002676,顺威股份
002689,远大智能
002681,奋达科技
002673,西部证券
002672,东江环保
002678,珠江钢琴
002675,东诚药业
002680,长生生物
002667,鞍重股份
002674,兴业科技
002666,德联集团
002677,浙江美大
002663,普邦股份
002671,龙泉股份
002661,克明面业
002670,国盛金控
002665,首航节能
002657,中科金财
002668,奥马电器
002655,共达电声
002662,京威股份
002654,万润科技
002658,雪迪龙
002652,扬子新材
002664,长鹰信质
002651,利君股份
002650,加加食品
002648,卫星石化
002659,凯文教育
002646,青青稞酒
002644,佛慈制药
002645,华宏科技
002660,茂硕电源
002653,海思科
002640,跨境通
002641,永高股份
002639,雪人股份
002642,荣之联
002656,摩登大道
002643,万润股份
002649,博彦科技
002647,民盛金科
002633,申科股份
002631,德尔未来
002637,赞宇科技
002630,华西能源
002636,金安国纪
002628,成都路桥
002625,光启技术
002626,金达威
002638,勤上股份
002623,亚玛顿
002635,安洁科技
002621,三垒股份
002620,瑞和股份
002627,宜昌交运
002615,哈尔斯
002616,长青集团
002629,仁智股份
002613,北玻股份
002632,道明光学
002618,丹邦科技
002610,爱康科技
002619,艾格拉斯
002617,露笑科技
002607,亚夏汽车
002614,奥佳华
002612,朗姿股份
002611,东方精工
002603,以岭药业
002609,捷顺科技
002606,大连电瓷
002605,姚记扑克
002598,山东章鼓
002608,江苏国信
002596,海南瑞泽
002599,盛通股份
002593,日上集团
002594,比亚迪
002591,恒大高新
002602,世纪华通
002590,万安科技
002604,ST龙力
002588,史丹利
002600,领益智造
002601,龙蟒佰利
002585,双星新材
002586,围海股份
002595,豪迈科技
002597,金禾实业
002583,海能达
002581,未名医药
002579,中京电子
002580,圣阳股份
002582,好想你
002592,八菱科技
002577,雷柏科技
002574,明牌珠宝
002589,瑞康医药
002584,西陇科学
002572,索菲亚
002573,清新环境
002569,步森股份
002587,奥拓电子
002576,通达动力
002578,闽发铝业
002575,群兴玩具
002564,天沃科技
002562,兄弟科技
002563,森马服饰
002560,通达股份
002561,徐家汇
002571,*ST德力
002557,洽洽食品
002570,贝因美
002567,唐人神
002554,惠博普
002552,宝鼎科技
002558,巨人网络
002559,亚威股份
002565,顺灏股份
002566,益盛药业
002550,千红制药
002551,尚荣医疗
002547,春兴精工
002548,金新农
002546,新联电子
002544,杰赛科技
002542,中化岩土
002555,三七互娱
002543,万和电气
002545,东方铁塔
002541,鸿路钢构
002540,亚太科技
002535,林州重机
002538,司尔特
002553,南方轴承
002534,杭锅股份
002531,天顺风能
002549,凯美特气
002532,新界泵业
002528,英飞拓
002533,金杯电工
002539,云图控股
002536,西泵股份
002523,天桥起重
002524,光正集团
002530,金财互联
002529,海源机械
002537,海联金汇
002519,银河电子
002527,新时达
002521,齐峰新材
002526,山东矿机
002516,旷达科技
002517,恺英网络
002522,浙江众成
002515,金字火腿
002525,胜景山河
002511,中顺洁柔
002512,达华智能
002510,天汽模
002520,日发精机
002513,蓝丰生化
002514,宝馨科技
002506,协鑫集成
002507,涪陵榨菜
002503,搜于特
002501,利源精制
002500,山西证券
002518,科士达
002499,科林环保
002497,雅化集团
002498,汉缆股份
002496,辉丰股份
002495,佳隆股份
002492,恒基达鑫
002491,通鼎互联
002509,天广中茂
002504,*ST弘高
002505,大康农业
002502,骅威文化
002494,华斯股份
002493,荣盛石化
002484,江海股份
002487,大金重工
002508,老板电器
002486,嘉麟杰
002490,*ST墨龙
002479,富春环保
002485,希努尔
002482,广田集团
002475,立讯精密
002483,润邦股份
002474,榕基软件
002470,金正大
002469,三维工程
002467,二六三
002466,天齐锂业
002465,海格通信
002463,沪电股份
002472,双环传动
002461,珠江啤酒
002473,*ST圣莱
002460,赣锋锂业
002459,天业通联
002476,宝莫股份
002456,欧菲科技
002471,中超控股
002453,天马精化
002468,申通快递
002454,松芝股份
002464,众应互联
002452,长高集团
002450,康得新
002449,国星光电
002448,中原内配
002458,益生股份
002444,巨星科技
002455,百川股份
002442,龙星化工
002457,青龙管业
002440,闰土股份
002439,启明星辰
002451,摩恩电气
002438,江苏神通
002436,兴森科技
002434,万里扬
002432,九安医疗
002435,长江润发
002430,杭氧股份
002445,中南文化
002437,誉衡药业
002447,晨鑫科技
002443,金洲管道
002426,胜利精密
002431,棕榈股份
002429,兆驰股份
002421,达实智能
002420,毅昌股份
002418,康盛股份
002416,爱施德
002423,中原特钢
002422,科伦药业
002415,海康威视
002427,ST尤夫
002412,汉森制药
002411,必康股份
002409,雅克科技
002408,齐翔腾达
002425,凯撒文化
002406,远东传动
002407,多氟多
002404,嘉欣丝绸
002417,深南股份
002410,广联达
002400,省广集团
002399,海普瑞
002413,雷科防务
002398,建研集团
002405,四维图新
002397,梦洁股份
002403,爱仕达
002396,星网锐捷
002392,北京利尔
002391,长青股份
002414,高德红外
002402,和而泰
002388,新亚制程
002387,黑牛食品
002390,信邦制药
002389,南洋科技
002385,大北农
002383,合众思壮
002382,蓝帆医疗
002384,东山精密
002394,联发股份
002395,双象股份
002379,宏创控股
002393,力生制药
002381,双箭股份
002378,章源钨业
002377,国创高新
002376,新北洋
002374,丽鹏股份
002375,亚厦股份
002373,千方科技
002401,中远海科
002371,北方华创
002372,伟星新材
002369,卓翼科技
002365,永安药业
002363,隆基机械
002368,太极股份
002362,汉王科技
002361,神剑股份
002386,天原集团
002358,森源电气
002380,科远股份
002357,富临运业
002356,赫美集团
002355,兴民智通
002354,天神娱乐
002367,康力电梯
002352,顺丰控股
002364,中恒电气
002350,北京科锐
002349,精华制药
002359,北讯集团
002360,同德化工
002346,柘中股份
002370,亚太药业
002345,潮宏基
002366,台海核电
002343,慈文传媒
002344,海宁皮城
002341,新纶科技
002342,巨力索具
002351,漫步者
002336,人人乐
002337,赛象科技
002347,泰尔股份
002335,科华恒盛
002348,高乐股份
002332,仙琚制药
002329,皇氏集团
002328,新朋股份
002327,富安娜
002339,积成电子
002353,杰瑞股份
002338,奥普光电
002325,洪涛股份
002324,普利特
002322,理工环科
002321,华英农业
002331,皖通科技
002334,英威腾
002317,众生药业
002333,罗普斯金
002316,键桥通讯
002314,南山控股
002313,日海通讯
002326,永太科技
002323,雅百特
002340,格林美
002310,东方园林
002308,威创股份
002306,*ST云网
002305,南国置业
002304,洋河股份
002303,美盈森
002311,海大集团
002307,北新路桥
002299,圣农发展
002298,中电鑫龙
002318,久立特材
002312,*ST三泰
002297,博云新材
002294,信立泰
002295,精艺股份
002296,辉煌科技
002309,中利集团
002300,太阳电缆
002290,中科新材
002302,西部建设
002288,超华科技
002287,奇正藏药
002289,宇顺电子
002286,保龄宝
002283,天润曲轴
002284,亚太股份
002281,光迅科技
002282,博深工具
002315,焦点科技
002293,罗莱生活
002278,神开股份
002277,友阿股份
002275,桂林三金
002276,万马股份
002301,齐心集团
002272,川润股份
002291,星期六
002280,联络互动
002279,久其软件
002269,美邦服饰
002268,卫 士 通
002266,浙富控股
002264,新 华 都
002271,东方雨虹
002273,水晶光电
002292,奥飞娱乐
002260,德奥通航
002262,恩华药业
002258,利尔化学
002256,兆新股份
002255,海陆重工
002254,泰和新材
002253,川大智胜
002265,西仪股份
002274,华昌化工
002261,拓维信息
002263,大 东 南
002246,北化股份
002247,帝龙文化
002245,澳洋顺昌
002243,通产丽星
002244,滨江集团
002242,九阳股份
002252,上海莱士
002240,威华股份
002241,歌尔股份
002257,立立电子
002251,步 步 高
002237,恒邦股份
002235,安妮股份
002250,联化科技
002239,奥特佳
002249,大洋电机
002236,大华股份
002234,民和股份
002231,奥维通信
002229,鸿博股份
002248,*ST东数
002228,合兴包装
002227,奥 特 迅
002224,三 力 士
002226,江南化工
002223,鱼跃医疗
002222,福晶科技
002220,天宝食品
002238,天威视讯
002219,恒康医疗
002217,合力泰
002232,启明信息
002215,诺 普 信
002213,特 尔 佳
002214,大立科技
002212,南洋股份
002211,宏达新材
002209,达 意 隆
002208,合肥城建
002221,东华能源
002218,拓日新能
002233,塔牌集团
002216,三全食品
002203,海亮股份
002202,金风科技
002210,飞马国际
002201,九鼎新材
002198,嘉应制药
002199,东晶电子
002206,海 利 得
002197,证通电子
002193,如意集团
002194,武汉凡谷
002205,国统股份
002191,劲嘉股份
002196,方正电机
002192,融捷股份
002204,大连重工
002189,利达光电
002187,广百股份
002230,科大讯飞
002186,全 聚 德
002185,华天科技
002182,云海金属
002183,怡 亚 通
002181,粤 传 媒
002200,云投生态
002179,中航光电
002177,御银股份
002175,东方网络
002176,江特电机
002174,游族网络
002195,二三四五
002173,创新医疗
002171,楚江新材
002170,芭田股份
002169,智光电气
002168,深圳惠程
002167,东方锆业
002165,红 宝 丽
002163,中航三鑫
002184,海得控制
002180,纳思达
002161,远 望 谷
002159,三特索道
002158,汉钟精机
002172,澳洋科技
002154,报 喜 鸟
002153,石基信息
002152,广电运通
002151,北斗星通
002162,悦心健康
002150,通润装备
002160,常铝股份
002148,北纬科技
002146,荣盛发展
002157,正邦科技
002145,中核钛白
002143,印纪传媒
002142,宁波银行
002144,宏达高科
002140,东华科技
002139,拓邦股份
002164,宁波东力
002147,新光圆成
002149,西部材料
002156,通富微电
002155,湖南黄金
002135,东南网架
002133,广宇集团
002131,利欧股份
002141,贤丰控股
002137,麦达数字
002136,安 纳 达
002129,中环股份
002125,湘潭电化
002124,天邦股份
002138,顺络电子
002121,科陆电子
002127,南极电商
002128,露天煤业
002126,银轮股份
002118,紫鑫药业
002130,沃尔核材
002122,天马股份
002115,三维通信
002114,罗平锌电
002123,梦网集团
002119,康强电子
002110,三钢闽光
002117,东港股份
002120,韵达股份
002116,中国海诚
002108,沧州明珠
002111,威海广泰
002104,恒宝股份
002106,莱宝高科
002102,冠福股份
002101,广东鸿图
002103,广博股份
002113,天润数娱
002098,浔兴股份
002099,海翔药业
002109,兴化股份
002097,山河智能
002095,生 意 宝
002096,南岭民爆
002112,三变科技
002094,青岛金王
002093,国脉科技
002089,新 海 宜
002092,中泰化学
002087,新野纺织
002105,信隆健康
002100,天康生物
002086,东方海洋
002107,沃华医药
002091,江苏国泰
002088,鲁阳节能
002090,金智科技
002078,太阳纸业
002076,雪 莱 特
002077,大港股份
002080,中材科技
002082,万邦德
002073,软控股份
002072,凯瑞德
002079,苏州固锝
002068,黑猫股份
002067,景兴纸业
002075,沙钢股份
002074,国轩高科
002070,*ST众和
002081,金 螳 螂
002065,东华软件
002084,海鸥住工
002071,长城影视
002063,远光软件
002062,宏润建设
002060,粤 水 电
002069,獐子岛
002059,云南旅游
002058,威 尔 泰
002054,德美化工
002056,横店东磁
002064,华峰氨纶
002055,得润电子
002057,中钢天源
002048,宁波华翔
002051,中工国际
002049,紫光国芯
002046,轴研科技
002045,国光电器
002044,美年健康
002047,宝鹰股份
002061,浙江交科
002052,同洲电子
002053,云南能投
002038,双鹭药业
002043,兔 宝 宝
002036,联创电子
002037,久联发展
002041,登海种业
002033,丽江旅游
002035,华帝股份
002050,三花智控
002029,七 匹 狼
002031,巨轮智能
002042,华孚时尚
002040,南 京 港
002027,分众传媒
002039,黔源电力
002026,山东威达
002024,苏宁易购
002022,科华生物
002032,苏 泊 尔
002030,达安基因
002020,京新药业
002018,华信国际
002034,旺能环境
002028,思源电气
002017,东信和平
002014,永新股份
002013,中航机电
002021,中捷资源
002023,海特高新
002016,世荣兆业
002019,亿帆医药
002009,天奇股份
002007,华兰生物
002011,盾安环境
002003,伟星股份
002001,新 和 成
002002,鸿达兴业
001979,招商蛇口
001896,豫能控股
002008,大族激光
002012,凯恩股份
002006,精功科技
000999,华润三九
000998,隆平高科
002004,华邦健康
002005,德豪润达
002010,传化智联
000996,中国中期
000990,诚志股份
000989,九 芝 堂
000988,华工科技
000985,大庆华科
001965,招商公路
000995,皇台酒业
000997,新 大 陆
000980,众泰汽车
000993,闽东电力
001696,宗申动力
000979,中弘股份
000978,桂林旅游
000977,浪潮信息
000991,通海高科
000983,西山煤电
000987,越秀金控
000971,高升控股
000982,*ST 中绒
000968,蓝焰控股
000981,银亿股份
000966,长源电力
000967,盈峰环境
000965,天保基建
000963,华东医药
000961,中南建设
000959,首钢股份
000976,华铁股份
000958,东方能源
000973,佛塑科技
000955,欣龙控股
000953,*ST河化
000960,锡业股份
000957,中通客车
000969,安泰科技
000972,*ST中基
000962,东方钽业
000970,中科三环
000938,紫光股份
000937,冀中能源
000952,广济药业
000936,华西股份
000956,中原油气
000949,新乡化纤
000933,神火股份
000950,*ST建峰
000948,南天信息
000927,一汽夏利
000932,华菱钢铁
000931,中 关 村
000923,河北宣工
000939,凯迪生态
000929,兰州黄河
000925,众合科技
000921,海信科龙
000920,南方汇通
000928,中钢国际
000926,福星股份
000935,四川双马
000913,钱江摩托
000930,中粮生化
000917,电广传媒
000918,嘉凯城
000909,数源科技
000908,景峰医药
000905,厦门港务
000919,金陵药业
000902,新洋丰
000903,云内动力
000901,航天科技
000922,*ST佳电
000911,南宁糖业
000900,现代投资
000898,鞍钢股份
000899,赣能股份
000895,双汇发展
000897,津滨发展
000893,东凌国际
000892,欢瑞世纪
000890,法 尔 胜
000888,峨眉山Ａ
000887,中鼎股份
000886,海南高速
000885,同力水泥
000883,湖北能源
000882,华联股份
000881,中广核技
000915,山大华特
000880,潍柴重机
000910,大亚圣象
000876,新 希 望
000877,天山股份
000868,安凯客车
000863,三湘印象
000906,浙商中拓
000861,海印股份
000889,茂业通信
000859,国风塑业
000860,顺鑫农业
000856,冀东装备
000852,石化机械
000878,云南铜业
000912,*ST天化
000875,吉电股份
000850,华茂股份
000848,承德露露
000838,财信发展
000837,秦川机床
000836,鑫茂科技
000835,长城动漫
000839,中信国安
000833,贵糖股份
000832,*ST龙涤
000831,五矿稀土
000829,天音控股
000858,五 粮 液
000851,高鸿股份
000866,扬子石化
000825,太钢不锈
000822,山东海化
000823,超声电子
000821,京山轻机
000820,神雾节能
000818,方大化工
000862,银星能源
000817,辽河油田
000830,鲁西化工
000828,东莞控股
000816,智慧农业
000815,美利云
000810,创维数字
000812,陕西金叶
000811,冰轮环境
000805,*ST炎黄
000806,银河生物
000802,北京文化
000801,四川九洲
000800,一汽轿车
000819,岳阳兴长
000813,德展健康
000798,中水渔业
000793,华闻传媒
000807,云铝股份
000791,甘肃电投
000803,*ST金宇
000790,泰合健康
000789,万年青
000787,*ST创智
000827,*ST长兴
000785,武汉中商
000786,北新建材
000782,美达股份
000799,酒鬼酒
000783,长江证券
000796,凯撒旅游
000778,新兴铸管
000776,广发证券
000769,*ST大菲
000768,中航飞机
000777,中核科技
000766,通化金马
000765,*ST华信
000761,本钢板材
000779,三毛派神
000760,斯太尔
000759,中百集团
000758,中色股份
000757,浩物股份
000780,*ST平能
000756,新华制药
000753,漳州发展
000752,西藏发展
000792,盐湖股份
000751,锌业股份
000750,国海证券
000767,漳泽电力
000763,锦州石化
000739,普洛药业
000736,中交地产
000737,*ST南风
000788,北大医药
000731,四川美丰
000732,泰禾集团
000733,振华科技
000730,*ST环保
000728,国元证券
000755,*ST三维
000725,京东方Ａ
000723,美锦能源
000722,湖南发展
000721,西安饮食
000762,西藏矿业
000738,航发控制
000720,新能泰山
000735,罗 牛 山
000717,韶钢松山
000716,黑芝麻
000718,苏宁环球
000713,丰乐种业
000715,中兴商业
000711,京蓝科技
000729,燕京啤酒
000708,大冶特钢
000707,双环科技
000727,华东科技
000726,鲁  泰Ａ
000705,浙江震元
000703,恒逸石化
000699,S*ST佳纸
000702,正虹科技
000697,炼石有色
000698,沈阳化工
000700,模塑科技
000692,惠天热电
000693,*ST华泽
000719,中原传媒
000691,亚太实业
000689,ST宏业
000690,宝新能源
000687,华讯方舟
000712,锦龙股份
000686,东北证券
000709,河钢股份
000685,中山公用
000681,视觉中国
000680,山推股份
000683,远兴能源
000679,大连友谊
000677,恒天海龙
000678,襄阳轴承
000673,当代东方
000695,滨海能源
000671,阳 光 城
000710,贝瑞基因
000688,建新矿业
000666,经纬纺机
000665,湖北广电
000676,智度股份
000672,上峰水泥
000663,永安林业
000662,天夏智慧
000660,*ST南华
000658,ST海洋
000668,荣丰控股
000657,中钨高新
000670,盈方微
000653,ST九州
000656,金科股份
000655,金岭矿业
000650,仁和药业
000639,西王食品
000675,ST银山
000638,万方发展
000635,英 力 特
000661,长春高新
000659,*ST中富
000632,三木集团
000630,铜陵有色
000682,东方电子
000652,泰达股份
000626,远大控股
000627,天茂集团
000633,合金投资
000623,吉林敖东
000622,恒立实业
000621,*ST比特
000620,新华联
000618,吉林化工
000631,顺发恒业
000619,海螺型材
000616,海航投资
000617,中油资本
000613,大东海A
000615,京汉股份
000612,焦作万方
000651,格力电器
000610,西安旅游
000609,中迪投资
000607,华媒控股
000608,阳光股份
000606,神州易桥
000605,渤海股份
000629,*ST钒钛
000628,高新发展
000602,金马退市
000599,青岛双星
000600,建投能源
000598,兴蓉环境
000595,*ST宝实
000597,东北制药
000601,韶能股份
000596,古井贡酒
000594,国恒退
000593,大通燃气
000625,长安汽车
000589,黔轮胎Ａ
000588,PT粤金曼
000591,太阳能
000587,金洲慈航
000592,平潭发展
000586,汇源通信
000582,北部湾港
000585,东北电气
000583,S*ST托普
000584,哈工智能
000573,粤宏远Ａ
000576,广东甘化
000611,天首发展
000578,盐湖集团
000572,海马汽车
000569,长城股份
000567,海德股份
000570,苏常柴Ａ
000566,海南海药
000564,供销大集
000603,盛达矿业
000563,陕国投Ａ
000565,渝三峡Ａ
000561,烽火电子
000560,昆百大Ａ
000562,宏源证券
000556,PT南洋
000557,西部创业
000559,万向钱潮
000590,启迪古汉
000558,莱茵体育
000555,神州信息
000554,泰山石油
000553,沙隆达Ａ
000549,S湘火炬
000548,湖南投资
000547,航天发展
000581,威孚高科
000545,金浦钛业
000571,新大洲Ａ
000542,TCL通讯
000544,中原环保
000543,皖能电力
000538,云南白药
000541,佛山照明
000539,粤电力Ａ
000536,华映科技
000535,*ST猴王
000537,广宇发展
000534,万泽股份
000552,靖远煤电
000550,江铃汽车
000531,穗恒运Ａ
000532,华金资本
000530,大冷股份
000528,柳    工
000524,岭南控股
000525,红 太 阳
000522,白云山Ａ
000523,广州浪奇
000520,长航凤凰
000540,中天金融
000519,中兵红箭
000518,四环生物
000551,创元科技
000515,攀渝钛业
000527,美的电器
000514,渝 开 发
000513,丽珠集团
000511,*ST烯碳
000509,华塑控股
000508,琼民源Ａ
000510,金路集团
000521,美菱电器
000506,中润资源
000507,珠海港
000505,京粮控股
000504,南华生物
000502,绿景控股
000501,鄂武商Ａ
000488,晨鸣纸业
000517,荣安地产
000430,张家界
000516,国际医学
000429,粤高速Ａ
000426,兴业矿业
000422,湖北宜化
000533,万 家 乐
000425,徐工机械
000423,东阿阿胶
000421,南京公用
000526,*ST紫学
000418,小天鹅Ａ
000417,合肥百货
000416,民生控股
000413,东旭光电
000415,渤海金控
000410,沈阳机床
000503,海虹控股
000409,山东地矿
000498,山东路桥
000408,藏格控股
000406,石油大明
000404,华意压缩
000428,华天酒店
000403,ST生化
000402,金 融 街
000401,冀东水泥
000419,通程控股
000338,潍柴动力
000333,美的集团
000159,国际实业
000158,常山北明
000407,胜利股份
000405,ST鑫光
000157,中联重科
000155,川化股份
000153,丰原药业
000150,宜华健康
000151,中成股份
000099,中信海直
000301,东方市场
000411,英特集团
000089,深圳机场
000078,海王生物
000070,特发信息
000066,中国长城
000065,北方国际
000062,深圳华强
000063,中兴通讯
000061,农 产 品
000059,华锦股份
000100,TCL 集团
000096,广聚能源
000060,中金岭南
000090,天健集团
000056,皇庭国际
000058,深 赛 格
000047,ST中侨
000048,康达尔
000050,深天马Ａ
000055,方大集团
000045,深纺织Ａ
000049,德赛电池
000046,泛海控股
000068,华控赛格
000038,深大通
000069,华侨城Ａ
000037,深南电A
000040,东旭蓝天
000034,神州数码
000039,中集集团
000033,新都退
000032,深桑达Ａ
000030,富奥股份
000028,国药一致
000088,盐 田 港
000026,飞亚达Ａ
000024,招商地产
000023,深天地Ａ
000035,中国天楹
000020,深华发Ａ
000029,深深房Ａ
000018,神州长城
000021,深科技
000017,深中华A
000015,PT中浩Ａ
000014,沙河股份
000013,*ST石化A
000011,深物业A
000012,南  玻Ａ
000010,美丽生态
000042,中洲控股
000025,特  力Ａ
000008,神州高铁
000007,全新好
000022,深赤湾Ａ
000003,PT金田Ａ
000019,深深宝Ａ
000002,万  科Ａ
000001,平安银行
000027,深圳能源
900957,凌云Ｂ股
900956,东贝Ｂ股
900955,海创B股
900952,锦港Ｂ股
900951,*ST大化B
900953,凯马Ｂ
900948,伊泰Ｂ股
900949,东电Ｂ股
900947,振华Ｂ股
900946,天雁B股
900945,海控Ｂ股
900943,开开Ｂ股
000009,中国宝安
900941,东信Ｂ股
900942,黄山Ｂ股
000005,世纪星源
900940,大名城B
900939,汇丽B
900938,天海B
900936,鄂资Ｂ股
900935,阳晨Ｂ股
000004,国农科技
900934,锦江Ｂ股
900930,*ST沪普B
900931,PT水仙Ｂ
000016,深康佳Ａ
900929,锦旅Ｂ股
900928,临港B股
900927,物贸Ｂ股
900925,机电Ｂ股
900924,上工Ｂ股
900923,百联Ｂ股
900921,丹科B股
900950,新城Ｂ股
900919,绿庭B股
900920,上柴Ｂ股
900918,耀皮Ｂ股
900917,海欣Ｂ股
000006,深振业Ａ
900916,凤凰B股
900915,中路Ｂ股
900914,锦投Ｂ股
900912,外高Ｂ股
900911,金桥Ｂ股
900910,海立Ｂ股
900909,华谊B股
900908,氯碱Ｂ股
900907,鹏起Ｂ股
900933,华新Ｂ股
900932,陆家Ｂ股
900905,老凤祥Ｂ
900906,中毅达B
900904,神奇B股
900903,大众Ｂ股
900902,市北B股
603997,继峰股份
603998,方盛制药
603991,至正股份
603990,麦迪科技
603993,洛阳钼业
603989,艾华集团
900922,三毛B股
603988,中电电机
603985,恒润股份
603986,兆易创新
603980,吉华集团
603978,深圳新星
603977,国泰集团
603976,正川股份
900913,国新B股
603999,读者传媒
603959,百利科技
603979,金诚信
603939,益丰药房
603970,中农立华
603938,三孚股份
603936,博敏电子
603968,醋化股份
603929,亚翔集成
603928,兴业股份
603926,铁流股份
603922,金鸿顺
603958,哈森股份
603963,大理药业
603918,金桥信息
603966,法兰泰克
603955,大千生态
603919,金徽酒
603937,丽岛新材
603906,龙蟠科技
603903,中持股份
603901,永创智能
603899,晨光文具
603898,好莱客
603920,世运电路
603896,寿仙谷
603917,合力科技
603912,佳力图
603916,苏博特
603889,新澳股份
603909,合诚股份
603897,长城科技
603885,吉祥航空
603883,老百姓
603900,莱绅通灵
603895,天永智能
603879,永悦科技
603890,春秋电子
603888,新华网
603887,城地股份
603871,嘉友国际
603886,元祖股份
603868,飞科电器
603866,桃李面包
603882,金域医学
603881,数据港
603859,能科股份
603880,南卫股份
603876,鼎胜新材
603855,华荣股份
603878,武进不锈
603848,好太太
603843,正平股份
603839,安正时尚
603838,四通股份
603833,欧派家居
603828,柯利达
603877,太平鸟
603826,坤彩科技
603823,百合花
603825,华扬联众
603819,神力股份
603818,曲美家居
603817,海峡环保
603869,北部湾旅
603816,顾家家居
603809,豪能股份
603856,东宏股份
603806,福斯特
603803,瑞斯康达
603801,志邦股份
603800,道森股份
603799,华友钴业
603798,康普顿
603797,联泰环保
603789,星光农机
603829,洛凯股份
603860,中公高科
603788,宁波高发
603787,新日股份
603778,乾景园林
603777,来伊份
603776,永安行
603779,威龙股份
603773,沃格光电
603767,中马传动
603758,秦安股份
603757,大元泵业
603738,泰晶科技
603733,仙鹤股份
603730,岱美股份
603729,龙韵股份
603728,鸣志电器
603727,博迈科
603726,朗迪集团
603725,天安新材
603722,阿科力
603721,中广天择
603718,海利生物
603716,塞力斯
603712,七一二
603709,中源家居
603708,家家悦
603811,诚意药业
603707,健友股份
603813,原尚股份
603701,德宏股份
603737,三棵树
603696,安记食品
603690,至纯科技
603689,皖天然气
603688,石英股份
603768,常青股份
603685,晨丰科技
603766,隆鑫通用
603699,纽威股份
603680,今创集团
603679,华体科技
603698,航天工程
603678,火炬电子
603677,奇精机械
603676,卫信康
603669,灵康药业
603668,天马科技
603667,五洲新春
603663,三祥新材
603661,恒林股份
603660,苏州科达
603686,龙马环卫
603658,安图生物
603655,朗博科技
603683,晶华新材
603648,畅联股份
603639,海利尔
603638,艾迪精密
603637,镇海股份
603703,盛洋科技
603633,徕木股份
603636,南威软件
603717,天域生态
603626,科森科技
603619,中曼石油
603618,杭电股份
603711,香飘飘
603665,康隆达
603616,韩建河山
603612,索通发展
603609,禾丰牧业
603611,诺力股份
603659,璞泰来
603608,天创时尚
603606,东方电缆
603607,京华激光
603602,纵横通信
603605,珀莱雅
603600,永艺股份
603601,再升科技
603599,广信股份
603598,引力传媒
603596,伯特利
603630,拉芳家化
603595,东尼电子
603589,口子窖
603588,高能环境
603587,地素时尚
603586,金麒麟
603585,苏利股份
603579,荣泰健康
603578,三星新材
603656,泰禾光电
603567,珍宝岛
603566,普莱柯
603559,中通国脉
603557,起步股份
603556,海兴电力
603617,君禾股份
603555,贵人鸟
603615,茶花股份
603538,美诺华
603536,惠发股份
603533,掌阅科技
603535,嘉诚国际
603528,多伦科技
603580,艾艾精工
603527,众源新材
603519,立霸股份
603518,维格娜丝
603517,绝味食品
603568,伟明环保
603515,欧普照明
603507,振江股份
603508,思维列控
603505,金石资源
603506,南都物业
603501,韦尔股份
603558,健盛集团
603477,振静股份
603577,汇金通
603516,淳中科技
603456,九洲药业
603500,祥和实业
603444,吉比特
603429,集友股份
603421,鼎信通讯
603416,信捷电气
603398,邦宝益智
603466,风语筑
603393,新天然气
603389,亚振家居
603520,司太立
603499,翔港科技
603496,恒为科技
603387,基蛋生物
603458,勘设股份
603385,惠达卫浴
603386,广东骏亚
603383,顶点软件
603378,亚士创能
603377,东方时尚
603369,今世缘
603368,柳州医药
603367,辰欣药业
603365,水星家纺
603363,傲农生物
603360,百傲化学
603358,华达科技
603357,设计总院
603356,华菱精工
603355,莱克电气
603345,安井食品
603339,四方冷链
603338,浙江鼎力
603337,杰克股份
603388,元成股份
603335,迪生力
603488,展鹏科技
603330,上海天洋
603331,百达精工
603329,上海雅仕
603323,吴江银行
603328,依顿电子
603396,金辰股份
603322,超讯通信
603359,东珠景观
603366,日出东方
603318,派思股份
603315,福鞍股份
603311,金海环境
603309,维力医疗
603308,应流股份
603333,明星电缆
603305,旭升股份
603303,得邦照明
603320,迪贝电气
603300,华铁科技
603319,湘油泵
603298,杭叉集团
603313,梦百合
603288,海天味业
603321,梅轮电梯
603286,日盈电子
603283,赛腾股份
603278,大业股份
603316,诚邦股份
603277,银都股份
603269,海鸥股份
603268,松发股份
603266,天龙股份
603260,合盛硅业
603239,浙江仙通
603238,诺邦股份
603302,鑫广绿环
603233,大参林
603228,景旺电子
603227,雪峰科技
603226,菲林格尔
603223,恒通股份
603218,日月股份
603214,N爱婴室
603301,振德医疗
603200,上海洗霸
603199,九华旅游
603258,电魂网络
603197,保隆科技
603232,格尔软件
603229,奥翔药业
603196,日播时尚
603188,亚邦股份
603183,建研院
603186,华正新材
603179,新泉股份
603180,金牌厨柜
603225,新凤鸣
603169,兰石重装
603167,渤海轮渡
603208,江山欧派
603165,荣晟环保
603161,科华控股
603159,上海亚虹
603160,汇顶科技
603158,腾龙股份
603157,拉夏贝尔
603156,养元饮品
603139,康惠制药
603138,海量数据
603168,莎普爱思
603136,天目湖
603128,华贸物流
603127,昭衍新药
603126,中材节能
603181,皇马科技
603166,福达股份
603123,翠微股份
603178,圣龙股份
603118,共进股份
603116,红蜻蜓
603203,快克股份
603113,金能科技
603111,康尼机电
603110,东方材料
603108,润达医疗
603117,万林股份
603106,恒银金融
603103,横店影视
603100,川仪股份
603101,汇嘉时代
603099,长白山
603086,先达股份
603131,上海沪工
603083,剑桥科技
603085,天成自控
603081,大丰实业
603080,新疆火炬
603098,森特股份
603089,正裕工业
603077,和邦生物
603069,海汽集团
603129,春风动力
603067,振华股份
603066,音飞储存
603063,禾望电气
603060,国检集团
603056,德邦股份
603079,圣达生物
603078,江化微
603050,科林电气
603055,台华新材
603043,广州酒家
603041,美思德
603096,新经典
603039,泛微网络
603038,华立股份
603090,宏盛股份
603035,常熟汽饰
603032,德新交运
603058,永吉股份
603031,安德利
603030,全筑股份
603029,天鹅股份
603028,赛福天
603040,新坐标
603026,石大胜华
603076,乐惠国际
603025,大豪科技
603023,威帝股份
603036,如通股份
603022,新通联
603021,山东华鹏
603020,爱普股份
603017,中衡设计
603019,中科曙光
603016,新宏泰
603042,华脉科技
603012,创力集团
603010,万盛股份
603009,北特科技
603037,凯众股份
603027,千禾味业
603006,联明股份
603005,晶方科技
603003,龙宇燃油
603018,中设集团
603002,宏昌电子
603015,弘讯科技
603001,奥康国际
603011,合锻智能
601997,贵阳银行
601998,中信银行
603000,人民网
603008,喜临门
601991,大唐发电
601989,中国重工
603007,花王股份
601969,海南矿业
601968,宝钢包装
601966,玲珑轮胎
601965,中国汽研
603033,三维股份
601952,苏垦农发
601949,中国出版
601939,建设银行
601933,永辉超市
601929,吉视传媒
601928,凤凰传媒
601992,金隅集团
601919,中远海控
601918,新集能源
601908,京运通
601900,南方传媒
601901,方正证券
601988,中国银行
601985,中国核电
601882,海天精工
601881,中国银河
601899,紫金矿业
601880,大连港
601878,浙商证券
601872,招商轮船
601877,正泰电器
601958,金钼股份
601886,江河集团
601898,中煤能源
601890,亚星锚链
601811,新华文轩
601888,中国国旅
601818,光大银行
601801,皖新传媒
601800,中国交建
601808,中海油服
601799,星宇股份
601866,中远海发
601798,蓝科高新
601718,际华集团
601717,郑煤机
601727,上海电气
601700,风范股份
601788,光大证券
601699,潞安环能
601689,拓普集团
601688,华泰证券
601678,滨化股份
601669,中国电建
601677,明泰铝业
601838,成都银行
601666,平煤股份
601789,宁波建工
601636,旗滨集团
601618,中国中冶
601616,广电电气
601611,中国核建
601608,中信重工
601828,美凯龙
601600,中国铝业
601668,中国建筑
601595,上海电影
601588,北辰实业
601579,会稽山
601619,嘉泽新能
601633,长城汽车
601566,九牧王
601766,中国中车
601607,上海医药
601601,中国太保
601515,东风股份
601500,通用股份
601388,怡球资源
601377,兴业证券
601567,三星医疗
601375,中原证券
601366,利群股份
601368,绿城水务
601360,三六零
601518,吉林高速
601336,新华保险
601333,广深铁路
601328,交通银行
601326,秦港股份
601398,工商银行
601313,江南嘉捷
601288,农业银行
601390,中国中铁
601299,中国北车
601268,*ST二重
601233,桐昆股份
601258,庞大集团
601229,上海银行
601231,环旭电子
601226,华电重工
601222,林洋能源
601369,陕鼓动力
601225,陕西煤业
601212,白银有色
601211,国泰君安
601216,君正集团
601208,东材科技
601206,海尔施
601519,*ST智慧
601188,龙江交通
601318,中国平安
601179,中国西电
601186,中国铁建
601177,杭齿前进
601168,西部矿业
601166,兴业银行
601163,三角轮胎
601158,重庆水务
601139,深圳燃气
601218,吉鑫科技
601199,江南水务
601228,广州港
601126,四方股份
601169,北京银行
601118,海南橡胶
601155,新城控股
601113,华鼎股份
601116,三江购物
601198,东兴证券
601108,财通证券
601107,四川成渝
601101,昊华能源
601100,恒立液压
601106,*ST一重
601128,常熟银行
601137,博威合金
601098,中南传媒
601099,太平洋
601086,国芳集团
601069,西部黄金
601088,中国神华
601058,赛轮金宇
601038,一拖股份
601020,华钰矿业
601019,山东出版
601018,宁波港
601016,节能风电
601012,隆基股份
601015,陕西黑猫
601009,南京银行
601007,金陵饭店
601008,连云港
601003,柳钢股份
601006,大秦铁路
601005,重庆钢铁
601001,大同煤业
601002,晋亿实业
601111,中国国航
601000,唐山港
600998,九州通
600997,开滦股份
600999,招商证券
600996,贵广网络
600995,文山电力
600992,贵绳股份
600988,赤峰黄金
601028,玉龙股份
600986,科达股份
600985,雷鸣科化
600987,航民股份
600984,建设机械
600982,宁波热电
601010,文峰股份
601011,宝泰隆
600978,宜华生活
600979,广安爱众
600980,北矿科技
600975,新五丰
600971,恒源煤电
600973,宝胜股份
601021,春秋航空
600983,惠而浦
600967,内蒙一机
600966,博汇纸业
600981,汇鸿集团
600962,国投中鲁
600963,岳阳林纸
600965,福成股份
600976,健民集团
600959,江苏有线
600939,重庆建工
600933,爱柯迪
600970,中材国际
600969,郴电国际
600929,湖南盐业
600926,杭州银行
600917,重庆燃气
600919,江苏银行
600909,华安证券
600990,四创电子
600903,贵州燃气
600908,无锡银行
600899,*ST信联
600900,长江电力
600897,厦门空港
600961,株冶集团
600896,览海投资
600960,渤海活塞
600958,东方证券
600895,张江高科
600894,广日股份
600892,大晟文化
600891,秋林集团
600936,广西广电
600890,中房股份
600893,航发动力
600887,伊利股份
600888,新疆众和
600883,博闻科技
600886,国投电力
600885,宏发股份
600882,广泽股份
600879,航天电子
600881,亚泰集团
600898,国美通讯
600876,洛阳玻璃
600880,博瑞传播
600877,*ST嘉陵
600874,创业环保
600871,*ST油服
600869,智慧能源
600884,杉杉股份
600867,通化东宝
600875,东方电气
600872,中炬高新
600864,哈投股份
600870,厦华电子
600861,北京城乡
600860,*ST京城
600862,中航高科
600858,银座股份
600868,梅雁吉祥
600859,王府井
600857,宁波中百
600852,*ST中川
600855,航天长峰
600878,*ST北科
600850,华东电脑
600848,上海临港
600863,内蒙华电
600865,百大集团
600844,丹化科技
600845,宝信软件
600853,龙建股份
600840,新湖创业
600851,海欣股份
600837,海通证券
600846,同济科技
600856,中天能源
600835,上海机电
600834,申通地铁
600836,界龙实业
600842,中西药业
600833,第一医药
600829,人民同泰
600832,东方明珠
600828,茂业商业
600839,四川长虹
600824,益民集团
600825,新华传媒
600822,上海物贸
600830,香溢融通
600841,上柴股份
600823,世茂股份
600820,隧道股份
600831,广电网络
600819,耀皮玻璃
600827,百联股份
600818,中路股份
600816,安信信托
600814,杭州解百
600810,神马股份
600812,华北制药
600826,兰生股份
600811,东方集团
600808,马钢股份
600806,*ST昆机
600805,悦达投资
600803,新奥股份
600821,津劝业
600801,华新水泥
600804,鹏博士
600800,天津磁卡
600798,宁波海运
600813,ST鞍一工
600815,*ST厦工
600796,钱江生化
600795,国电电力
600793,宜宾纸业
600794,保税科技
600788,*ST达曼
600791,京能置业
600786,东方锅炉
600783,鲁信创投
600802,福建水泥
600782,新钢股份
600780,通宝能源
600781,辅仁药业
600779,水井坊
600777,新潮能源
600774,汉商集团
600776,东方通信
600772,S*ST龙昌
600775,南京熊猫
600771,广誉远
600792,云煤能源
600769,祥龙电业
600785,新华百货
600784,鲁银投资
600768,宁波富邦
600766,园城黄金
600767,*ST运盛
600764,中国海防
600763,通策医疗
600762,S*ST金荔
600758,红阳能源
600778,友好集团
600756,浪潮软件
600770,综艺股份
600755,厦门国贸
600753,东方银星
600787,中储股份
600752,*ST哈慈
600754,锦江股份
600761,安徽合力
600749,西藏旅游
600757,长江传媒
600748,上实发展
600747,*ST大控
600745,闻泰科技
600742,一汽富维
600744,华银电力
600773,西藏城投
600740,山西焦化
600741,华域汽车
600760,中航沈飞
600738,兰州民百
600739,辽宁成大
600735,新华锦
600746,江苏索普
600732,ST新梅
600731,湖南海利
600730,中国高科
600737,中粮糖业
600728,佳都科技
600734,实达集团
600751,天海投资
600727,鲁北化工
600726,华电能源
600736,苏州高新
600723,首商股份
600750,江中药业
600733,SST前锋
600725,ST云维
600722,金牛化工
600724,宁波富达
600721,百花村
600716,凤凰股份
600715,文投控股
600712,南宁百货
600714,金瑞矿业
600713,南京医药
600711,盛屯矿业
600709,ST生态
600707,彩虹股份
600708,光明地产
600729,重庆百货
600706,曲江文旅
600704,物产中大
600703,三安光电
600719,大连热电
600720,祁连山
600700,*ST数码
600701,工大高新
600717,天津港
600698,湖南天雁
600718,东软集团
600699,均胜电子
600696,ST匹凸
600694,大商股份
600693,东百集团
600695,绿庭投资
600691,阳煤化工
600692,亚通股份
600690,青岛海尔
600687,刚泰控股
600689,上海三毛
600705,中航资本
600684,珠江实业
600685,中船防务
600683,京投发展
600681,百川能源
600686,金龙汽车
600678,四川金顶
600680,*ST上普
600697,欧亚集团
600676,交运股份
600702,舍得酒业
600672,*ST华圣
600671,天目药业
600670,*ST斯达
600710,苏美达
600682,南京新百
600669,*ST鞍成
600679,上海凤凰
600666,奥瑞德
600665,天地源
600664,哈药股份
600662,强生控股
600674,川投能源
600673,东阳光科
600675,中华企业
600659,*ST花雕
600660,福耀玻璃
600657,信达地产
600658,电子城
600661,新南洋
600668,尖峰集团
600654,*ST中安
600677,航天通信
600653,申华控股
600663,陆家嘴
600649,城投控股
600646,ST国嘉
600647,同达创业
600648,外高桥
600644,乐山电力
600652,游久游戏
600651,飞乐音响
600650,锦江投资
600641,万业企业
600655,豫园股份
600638,新黄浦
600645,中源协和
600639,浦东金桥
600634,富控互动
600643,爱建集团
600632,华联商厦
600631,百联股份
600642,申能股份
600628,新世界
600627,上电股份
600625,PT水仙
600635,大众公用
600624,复旦复华
600626,申达股份
600640,号百控股
600621,华鑫股份
600620,天宸股份
600629,华建集团
600618,氯碱化工
600615,丰华股份
600630,龙头股份
600614,鹏起科技
600636,*ST爱富
600613,神奇制药
600610,中毅达
600623,华谊集团
600622,光大嘉宝
600604,市北高新
600617,国新能源
600601,方正科技
600611,大众交通
600605,汇通能源
600600,青岛啤酒
600598,北大荒
600602,云赛智联
600609,金杯汽车
600596,新安股份
600612,老凤祥
600616,金枫酒业
600603,广汇物流
600591,*ST上航
600592,龙溪股份
600589,广东榕泰
600588,用友网络
600599,熊猫金控
600585,海螺水泥
600595,中孚实业
600593,大连圣亚
600579,天华院
600586,金晶科技
600581,八一钢铁
600577,精达股份
600580,卧龙电气
600578,京能电力
600575,皖江物流
600590,泰豪科技
600587,新华医疗
600584,长电科技
600583,海油工程
600572,康恩贝
600573,惠泉啤酒
600570,恒生电子
600565,迪马股份
600566,济川药业
600563,法拉电子
600559,老白干酒
600561,江西长运
600569,安阳钢铁
600576,祥源文化
600562,国睿科技
600560,金自天正
600555,海航创新
600557,康缘药业
600558,大西洋
600550,保变电气
600548,深高速
600546,山煤国际
600547,山东黄金
600567,山鹰纸业
600551,时代出版
600539,狮头股份
600556,ST慧球
600537,亿晶光电
600568,中珠医疗
600536,中国软件
600543,莫高股份
600545,卓郎智能
600549,厦门钨业
600538,国发股份
600531,豫光金铅
600553,太行水泥
600529,山东药玻
600527,江南高纤
600530,交大昂立
600535,天士力
600525,长园集团
600532,宏达矿业
600523,贵航股份
600526,菲达环保
600518,康美药业
600516,方大炭素
600515,海航基础
600522,中天科技
600528,中铁工业
600513,联环药业
600512,腾达建设
600511,国药股份
600509,天富能源
600540,*ST新赛
600510,黑牡丹
600508,上海能源
600507,方大特钢
600506,香梨股份
600502,安徽水利
600503,华丽家族
600501,航天晨光
600499,科达洁能
600497,驰宏锌锗
600505,西昌电力
600520,文一科技
600496,精工钢构
600490,鹏欣资源
600493,凤竹纺织
600519,贵州茅台
600488,天药股份
600517,置信电气
600485,信威集团
600486,扬农化工
600487,亨通光电
600500,中化国际
600498,烽火通信
600480,凌云股份
600495,晋西车轴
600491,龙元建设
600479,千金药业
600477,杭萧钢构
600489,中金黄金
600478,科力远
600475,华光股份
600469,风神股份
600468,百利电气
600483,福能股份
600472,包头铝业
600470,六国化工
600461,洪城水业
600476,湘邮科技
600459,贵研铂业
600460,士兰微
600458,时代新材
600455,博通股份
600466,蓝光发展
600449,宁夏建材
600448,华纺股份
600446,金证股份
600439,瑞贝卡
600436,片仔癀
600438,通威股份
600462,九有股份
600429,三元股份
600456,宝钛股份
600467,好当家
600426,华鲁恒升
600433,冠豪高新
600422,昆药集团
600444,国机通用
600452,涪陵电力
600420,现代制药
600419,天润乳业
600432,*ST吉恩
600418,江淮汽车
600425,*ST青松
600415,小商品城
600435,北方导航
600410,华胜天成
600405,动力源
600416,湘电股份
600421,ST仰帆
600409,三友化工
600400,红豆股份
600428,中远海特
600397,安源煤业
600398,海澜之家
600423,*ST柳化
600396,金山股份
600392,盛和资源
600403,*ST大有
600401,*ST海润
600406,国电南瑞
600387,海越股份
600386,北巴传媒
600388,龙净环保
600399,抚顺特钢
600391,航发科技
600382,广东明珠
600381,青海春天
600390,五矿资本
600408,安泰集团
600380,健康元
600393,粤泰股份
600389,江山股份
600377,宁沪高速
600376,首开股份
600371,万向德农
600383,金地集团
600370,三房巷
600385,山东金泰
600367,红星发展
600369,西南证券
600379,宝光股份
600368,五洲交通
600375,华菱星马
600363,联创光电
600362,江西铜业
600361,华联综超
600373,中文传媒
600360,华微电子
600372,中航电子
600359,新农开发
600354,敦煌种业
600358,国旅联合
600353,旭光股份
600355,精伦电子
600378,天科股份
600352,浙江龙盛
600365,通葡股份
600351,亚宝药业
600340,华夏幸福
600343,航天动力
600356,恒丰纸业
600349,富通昭和
600333,长春燃气
600337,美克家居
600332,白云山
600338,西藏珠峰
600336,澳柯玛
600330,天通股份
600329,中新药业
600357,承德钒钛
600335,国机汽车
600350,山东高速
600325,华发股份
600323,瀚蓝环境
600348,阳泉煤业
600328,兰太实业
600319,亚星化学
600321,正源股份
600322,天房发展
600318,新力金融
600320,振华重工
600313,农发种业
600315,上海家化
600316,洪都航空
600311,荣华实业
600310,桂东电力
600308,华泰股份
600331,宏达股份
600307,酒钢宏兴
600305,恒顺醋业
600303,曙光股份
600301,ST南化
600302,标准股份
600299,安迪苏
600298,安琪酵母
600317,营口港
600312,平高电气
600296,S兰铝
600297,广汇汽车
600295,鄂尔多斯
600293,三峡新材
600309,万华化学
600306,商业城
600326,西藏天路
600291,西水股份
600289,ST信通
600286,S*ST国瓷
600290,华仪电气
600288,大恒科技
600285,羚锐制药
600327,大东方
600287,江苏舜天
600284,浦东建设
600281,太化股份
600283,钱江水利
600282,南钢股份
600279,重庆港九
600276,恒瑞医药
600275,*ST昌鱼
600278,东方创业
600272,开开实业
600271,航天信息
600268,国电南自
600267,海正药业
600280,中央商场
600277,亿利洁能
600262,北方股份
600270,外运发展
600269,赣粤高速
600261,阳光照明
600260,凯乐科技
600258,首旅酒店
600292,远达环保
600266,北京城建
600253,天方药业
600300,维维股份
600252,中恒集团
600265,ST景谷
600251,冠农股份
600248,延长化建
600249,两面针
600246,万通地产
600259,广晟有色
600257,大湖股份
600241,时代万恒
600242,中昌数据
600255,梦舟股份
600240,华业资本
600239,云南城投
600237,铜峰电子
600234,ST山水
600233,圆通速递
600273,嘉化能源
600250,南纺股份
600230,沧州大化
600232,金鹰股份
600231,凌钢股份
600228,*ST昌九
600229,城市传媒
600247,ST成城
600243,青海华鼎
600225,*ST松江
600222,太龙药业
600226,瀚叶股份
600219,南山铝业
600220,江苏阳光
600236,桂冠电力
600218,全柴动力
600235,民丰特纸
600216,浙江医药
600215,长春经开
600212,江泉实业
600213,亚星客车
600211,西藏药业
600209,罗顿发展
600210,紫江企业
600208,新湖中宝
600207,安彩高科
600205,S山东铝
600223,鲁商置业
600202,哈空调
600221,海航控股
600203,福日电子
600201,生物股份
600199,金种子酒
600238,海南椰岛
600200,江苏吴中
600197,伊力特
600193,创兴资源
600198,大唐电信
600196,复星医药
600190,锦州港
600192,长城电工
600188,兖州煤业
600187,国中水务
600186,莲花健康
600227,赤天化
600185,格力地产
600184,光电股份
600206,有研新材
600183,生益科技
600179,安通控股
600182,S佳通
600181,S*ST云大
600178,东安动力
600177,雅戈尔
600176,中国巨石
600172,黄河旋风
600175,美都能源
600191,华资实业
600168,武汉控股
600169,太原重工
600170,上海建工
600167,联美控股
600166,福田汽车
600162,香江控股
600165,新日恒力
600161,天坛生物
600159,大龙地产
600160,巨化股份
600157,永泰能源
600158,中体产业
600156,华升股份
600195,中牧股份
600153,建发股份
600173,卧龙地产
600150,中国船舶
600152,维科精华
600148,长春一东
600145,*ST新亿
600163,中闽能源
600146,商赢环球
600143,金发科技
600141,兴发集团
600139,西部资源
600137,浪莎股份
600136,当代明诚
600138,中青旅
600135,乐凯胶片
600132,重庆啤酒
600155,宝硕股份
600133,东湖高新
600131,岷江水电
600130,波导股份
600126,杭钢股份
600129,太极集团
600128,弘业股份
600125,铁龙物流
600121,*ST郑煤
600123,兰花科创
600151,航天机电
600171,上海贝岭
600122,宏图高科
600117,西宁特钢
600119,长江投资
600115,东方航空
600116,三峡水利
600118,中国卫星
600114,东睦股份
600111,北方稀土
600109,国金证券
600107,美尔雅
600127,金健米业
600149,*ST坊展
600108,亚盛集团
600105,永鼎股份
600106,重庆路桥
600103,青山纸业
600102,莱钢股份
600101,明星电力
600099,林海股份
600104,上汽集团
600112,*ST天成
600095,哈高科
600094,大名城
600093,易见股份
600091,ST明科
600110,诺德股份
600090,同济堂
600087,退市长油
600088,中视传媒
600089,特变电工
600100,同方股份
600085,同仁堂
600084,中葡股份
600083,博信股份
600098,广州发展
600081,东风科技
600097,开创国际
600079,人福医药
600078,澄星股份
600080,金花股份
600074,ST保千里
600075,新疆天业
600073,上海梅林
600076,康欣新材
600072,中船科技
600071,凤凰光学
600070,浙江富润
600065,*ST联谊
600067,冠城大通
600064,南京高科
600062,华润双鹤
600063,皖维高新
600061,国投资本
600082,海泰发展
600077,宋都股份
600057,象屿股份
600058,五矿发展
600055,万东医疗
600053,九鼎投资
600052,浙江广厦
600051,宁波联合
600048,保利地产
600039,四川路桥
600038,中直股份
600059,古越龙山
600036,招商银行
600060,海信电器
600035,楚天高速
600033,福建高速
600037,歌华有线
600031,三一重工
600056,中国医药
600029,南方航空
600027,华电国际
600068,葛洲坝
600054,黄山旅游
600050,中国联通
600028,中国石化
600022,山东钢铁
600019,宝钢股份
600030,中信证券
600016,民生银行
600023,浙能电力
600015,华夏银行
600018,上港集团
600017,日照港
600026,中远海能
600010,包钢股份
600008,首创股份
600020,中原高速
600021,上海电力
600012,皖通高速
600005,武钢股份
600025,华能水电
600006,东风汽车
600007,中国国贸
600000,浦发银行
513660,恒生通
600003,ST东北高
600002,齐鲁石化
600001,邯郸钢铁
513030,德国30
512990,MSCIA股
518880,黄金ETF
513500,标普500
518800,黄金基金
513600,恒指ETF
512980,传媒ETF
513050,中概互联
513100,纳指ETF
512680,军工基金
512810,军工行业
512600,主要消费
512880,证券ETF
512580,环保ETF
512570,中证证券
512550,富时A50
512900,证券基金
512500,中证500
512400,有色金属
512340,500原料
512330,500信息
512310,500工业
512640,嘉实金融地产ETF
512660,军工ETF
512210,景顺食品
512610,医药卫生
512800,银行ETF
512120,医药股基
512100,1000ETF
512300,500医药
512560,中证军工
512010,医药ETF
511990,华宝添益A
512000,券商ETF
511970,国寿货币E
511950,广发添利A
512510,华泰中证500ETF
511930,中融日盈A
512230,景顺医药
511910,融通货币
511900,富国货币H
512110,中证地产
511890,景顺货币
511880,银华日利A
511850,财富宝E
512070,非银ETF
511820,鹏华添利B
511810,理财金H
511760,德邦货币
512200,南方房地产
511980,现金添富
511690,交易货币
511670,华泰天金
511660,建信添益
511650,华夏快线
511600,华安日日鑫H
511260,十年国债
511770,金鹰增益
511210,企债ETF
511920,广发货币
511010,国债ETF
510900,H股ETF
510810,上海国企
510800,上证50
511800,易基货币E
511220,城投ETF
510660,医药行业
510650,金融行业
511680,安信保证金
510880,红利ETF
510630,消费行业
510610,能源行业
510700,百强ETF
511620,货币基金
510560,国寿500
511230,周期债
510680,万家50
510710,博时50ETF
510620,材料行业
510500,500ETF
510450,180高ETF
510520,诺安500
510420,180EWETF
510580,ZZ500ETF
510510,广发500ETF
510440,500沪市
510430,50等权
510310,HS300ETF
510280,成长ETF
510390,平安300
510380,国寿300
510290,380ETF
510360,广发300
510330,华夏300
510410,资源ETF
510300,300ETF
510230,金融ETF
510270,国企ETF
510260,新兴ETF
510180,180ETF
510120,非周ETF
510220,中小ETF
510190,龙头ETF
510090,责任ETF
510210,综指ETF
510060,央企ETF
510070,民企ETF
510050,50ETF
510030,价值ETF
510020,超大ETF
502058,广发医疗B
502057,广发医疗A
502056,广发医疗分级
502055,券商B
502053,券商分级
502050,上证50B
502048,50分级
502042,上50B
510160,小康ETF
510150,消费ETF
510130,中盘ETF
502040,上50分级
510010,治理ETF
502037,网金A
502036,互联金融
502031,高铁A
502028,新丝路B
502026,新丝路
502024,钢铁A
502023,钢铁分级
502022,国金50B
502021,国金50A
502020,国金50
502018,带路B
502017,带路A
502041,上50A
502038,网金B
502027,新丝路A
502025,钢铁B
502010,证券分级
502032,高铁B
502012,证券B
502014,一带一路A
502015,一带一路B
502013,一带一路
502011,证券A
502016,带路分级
502007,国企改A
502006,国企改革
502002,500等权B
502008,国企改B
502004,易基军工A
501301,香港大盘
501300,海富通全球人民币)
501106,十年国开
502003,易基军工分级
502001,500等权A
501048,证券C
501047,全指证券
501046,财通多策略福鑫
502000,500等权
501302,恒生联接A
501043,沪深300A
501040,添富睿C
501303,恒生中型
501037,中证500C
501051,圆信汇利
501306,港股高C
501050,50AH
501305,港股高息
501035,创金鼎鑫睿选
501032,财通福盛
501031,环境C
501030,环境治理
501029,红利基金A
501028,财通福瑞
501026,财通多策略福享
501025,香港银行
501045,沪深300C
501027,国泰融信
501019,军工基金
501017,国泰融丰
501020,国企改
501012,中药C
501038,银华明择
501010,生物科C
501021,香港中小
501009,生物科技
501036,中证500A
501007,互联医疗
501005,精准医疗
501003,长信优选
501018,南方原油
501002,长信中证能源
501016,券商基金
501001,财通多策略（LOF）
501000,国金鑫新
500058,基金银丰
500056,基金科瑞
500038,基金通乾
500035,基金汉博
500028,基金兴业
501011,中药基金
500025,基金汉鼎
500019,基金普润
500021,基金金鼎
500017,基金景业
500016,基金裕元
500013,基金安瑞
500010,基金金元
500008,基金兴华
500007,基金景阳
500006,基金裕阳
501022,银华鑫盛
500003,基金安信
500002,基金泰和
500001,基金金泰
204182,GC182
204028,GC028
204014,GC014
204004,GC004
500039,基金同德
204003,GC003
204001,GC001
204002,GC002
500029,基金科讯
203053,0603R028
203054,0603R091
500015,基金汉兴
202003,RC003
202001,RC001
201009,R002
201008,R001
201005,R182
201004,R091
201003,R028
201001,R007
201002,R014
201000,R003
600656,退市博元
002419,天虹股份
500011,基金金鑫
150165,可转债B
002622,融钰集团
202007,RC007
300137,先河环保
201010,R004
150212,新能车B
150312,智能B
